Name,Aired Date,Year of release,Original Network,Aired On,Number of Episodes,Duration (in mins),Rating,Genre,Director,Cast,Rank
Move to Heaven,14-May-21,2021,Netflix,Friday,10,52,9.2,"Life,  Drama,  Family ",Kim Sung Ho,"Lee Je Hoon, Tang Jun Sang, Hong Seung Hee, Jung Suk Yong, Jung Young Joo, Lee Moon Shik",#1
Flower of Evil,"Jul 29, 2020 - Sep 23, 2020",2020,tvN," Wednesday, Thursday",16,70,9.1,"Thriller,  Romance,  Crime,  Melodrama ","Kim Chul Gyu, Yoon Jong Ho","Lee Joon Gi, Moon Chae Won, Jang Hee Jin, Seo Hyun Woo, Nam Ki Ae, Son Jong Hak",#2
Hospital Playlist,"Mar 12, 2020 - May 28, 2020",2020,"Netflix,  tvN ",Thursday,12,90,9.1,"Friendship,  Romance,  Life,  Medical ",Shin Won Ho,"Jo Jung Suk, Yoo Yeon Seok, Jung Kyung Ho, Kim Dae Myung, Jeon Mi Do, Shin Hyun Bin",#3
Hospital Playlist 2,"Jun 17, 2021 - Sep 16, 2021",2021,"Netflix,  tvN ",Thursday,12,100,9.1,"Friendship,  Romance,  Life,  Medical ",Shin Won Ho,"Jo Jung Suk, Yoo Yeon Seok, Jung Kyung Ho, Kim Dae Myung, Jeon Mi Do, Shin Hyun Bin",#4
My Mister,"Mar 21, 2018 - May 17, 2018",2018,tvN," Wednesday, Thursday",16,77,9.1,"Psychological,  Life,  Drama,  Family ","Kim Won Suk, Kim Sang Woo","Lee Sun Kyun, IU, Park Ho San, Song Sae Byuk, Lee Ji Ah, Kim Young Min",#5
Reply 1988,"Nov  6, 2015 - Jan 16, 2016",2015,tvN," Friday, Saturday",20,100,9.1,"Comedy,  Romance,  Youth,  Family ","Shin Won Ho, Yoo Hak Chan","Lee Hye Ri, Go Kyung Pyo, Ryu Joon Yeol, Park Bo Gum, Lee Dong Hwi, Sung Dong Il",#6
Weak Hero Class 1,18-Nov-22,2022,Wavve,Friday,8,40,9.1,"Action, Youth, Drama",You Su Min,"Park Ji Hoon, Choi Hyun Wook, Hong Kyung, Kim Su Gyeom, Lee Yeon, Shin Seung Ho",#7
Prison Playbook,"Nov 22, 2017 - Jan 18, 2018",2017,"Netflix,  tvN "," Wednesday, Thursday",16,92,9.1,"Comedy,  Crime,  Life,  Drama ",Shin Won Ho,"Park Hae Soo, Jung Kyung Ho, Krystal Jung, Im Hwa Young, Ye Soo Jung, Kim Kyung Nam",#8
Alchemy of Souls,"Jun 18, 2022 - Aug 28, 2022",2022,"Netflix, tvN","Saturday, Sunday",20,80,9,"Action, Historical, Romance, Fantasy ",Park Joon Hwa,"Lee Jae Wook, Jung So Min, Hwang Hyun Min, Shin Seung Ho, Yoo Joon Sang, Oh Na Ra",#9
Extraordinary Attorney Woo,"Jun 29, 2022 - Aug 18, 2022",2022,"ENA, Netflix","Wednesday, Thursday",16,77,9,"Law, Romance, Life, Drama ",Yoo In Shik,"Park Eun Bin, Kang Tae Oh, Kang Ki Young, Jeon Bae Soo, Baek Ji Won, Jin Kyung",#10
Mr. Queen,"Dec 12, 2020 - Feb 14, 2021",2020,tvN," Saturday, Sunday",20,80,9,"Historical,  Mystery,  Comedy,  Romance ",Yoon Sung Shik,"Shin Hye Sun, Kim Jung Hyun, Bae Jong Ok, Kim Tae Woo, Jo Yun Hee, Seol In Ah",#11
Mother,"Jan 24, 2018 - Mar 15, 2018",2018,tvN," Wednesday, Thursday",16,63,9,"Thriller,  Mystery,  Psychological,  Melodrama ","Kim Chul Gyu, Yoon Hyun Gi","Lee Bo Young, Heo Yool, Lee Hye Young, Go Sung Hee, Lee Jae Yoon, Go Bo Gyeol",#12
It's Okay to Not Be Okay,"Jun 20, 2020 - Aug  9, 2020",2020,"Netflix,  tvN "," Saturday, Sunday",16,75,9,"Psychological,  Comedy,  Romance,  Drama ","Park Shin Woo, Jung Dong Yoon","Kim Soo Hyun, Seo Yea Ji, Oh Jung Se, Park Gyu Young, Jang Young Nam, Kim Chang Wan",#13
Crash Landing on You,"Dec 14, 2019 - Feb 16, 2020",2019,"Netflix,  tvN "," Sunday, Saturday",16,85,9,"Military,  Comedy,  Romance,  Political ",Lee Jeong Hyo,"Hyun Bin, Son Ye Jin, Seo Ji Hye, Kim Jung Hyun, Yang Kyung Won, Lee Shin Young",#14
Vincenzo,"Feb 20, 2021 - May  2, 2021",2021,"Netflix,  tvN "," Saturday, Sunday",20,85,9,"Comedy,  Law,  Crime,  Drama ",Kim Hee Won,"Song Joong Ki, Jeon Yeo Been, Ok Taec Yeon, Kim Yeo Jin, Jo Han Chul, Kwak Dong Yeon",#15
Navillera,"Mar 22, 2021 - Apr 27, 2021",2021,"Netflix,  tvN "," Monday, Tuesday",12,65,9,"Friendship,  Life,  Drama,  Family ",Han Dong Hwa,"Park In Hwan, Song Kang, Na Moon Hee, Hong Seung Hee, Kim Tae Hoon, Yoon  Ji Hye",#16
Signal,"Jan 22, 2016 - Mar 12, 2016",2016,tvN," Friday, Saturday",16,75,9,"Thriller,  Mystery,  Sci-Fi ",Kim Won Suk,"Lee Je Hoon, Kim Hye Soo, Jo Jin Woong, Kim Won Hae, Lee Yoo Joon, Jang Hyun Sung",#17
Mr. Sunshine,"Jul  7, 2018 - Sep 30, 2018",2018,"Netflix,  tvN "," Saturday, Sunday",24,85,8.9,"Military,  Historical,  Romance,  Melodrama ",Lee Eung Bok,"Lee Byung Hun, Kim Tae Ri, Kim Min Jung, Yoo Yeon Seok, Byun Yo Han, Kim Gab Soo",#18
Happiness,"Nov  5, 2021 - Dec 11, 2021",2021,tvN," Friday, Saturday",12,65,8.9,"Action,  Thriller,  Drama,  Fantasy ",Ahn Gil Ho,"Han Hyo Joo, Park Hyung Sik, Jo  Woo Jin, Lee Joon Hyuk, Park Joo Hee, Baek Hyun Jin",#19
Kingdom: Season 2,13-Mar-20,2020,Netflix,Friday,6,45,8.9,"Thriller,  Historical,  Horror,  Supernatural ","Kim Sung Hoon, Park In Je","Joo Ji Hoon, Bae Doo Na, Kim Sung Gyu, Ryu Seung Ryong, Kim  Sang Ho, Jun Suk Ho",#20
SKY Castle,"Nov 23, 2018 - Feb  1, 2019",2018,jTBC," Friday, Saturday",20,75,8.9,"Mystery,  Psychological,  Drama,  Family ",Jo Hyun Taek,"Yeom Jung Ah, Lee Tae Ran, Yoon Se Ah, Oh Na Ra, Kim Seo Hyung, Jung Joon Ho",#21
Tomorrow,"Apr 1, 2022 - May 21, 2022",2022,"MBC, Netflix","Friday, Saturday",16,60,8.9,"Action, Thriller, Drama, Fantasy ","Kim Tae Yoon, Sung Chi Wook","Kim Hee Sun, Rowoon, Lee Soo Hyuk, Yun Ji On, Kim Hae Sook, Kim Nu Ri",#22
Healer,"Dec  8, 2014 - Feb 10, 2015",2014,KBS2," Monday, Tuesday",20,60,8.9,"Action,  Thriller,  Mystery,  Romance ","Lee Jung Sub, Kim Jin Woo","Ji Chang Wook, Park Min Young, Yoo Ji Tae, Kim  Mi Kyung, Park Sang Won, Do Ji Won",#23
Stranger,"Jun 10, 2017 - Jul 30, 2017",2017,"Netflix,  tvN "," Saturday, Sunday",16,70,8.9,"Thriller,  Mystery,  Law,  Drama ",Ahn Gil Ho,"Jo Seung Woo, Bae Doo Na, Lee Joon Hyuk, Yoo Jae Myung, Shin Hye Sun, Choi Jae Woong",#24
Twenty-Five Twenty-One,"Feb 12, 2022 - Apr 3, 2022",2022,"Netflix, tvN","Saturday, Sunday",16,75,8.8,"Romance, Life, Drama, Melodrama ","Jung Ji Hyun, Kim Seung Ho","Kim Tae Ri, Nam Joo Hyuk, Bona, Choi Hyun Wook, Lee Joo Myung, Seo Jae Hee",#25
The Red Sleeve,"Nov 12, 2021 - Jan 1, 2022",2021,"MBC, Viki","Friday, Saturday",17,80,8.8,"Historical, Romance, Drama, Melodrama ","Jung Ji In, Song Yeon Hwa","Lee Jun Ho, Lee Se Young, Kang Hoon, Lee Deok Hwa, Park Ji Young, Jang Hee Jin",#26
Goblin,"Dec  2, 2016 - Jan 21, 2017",2016,tvN," Friday, Saturday",16,82,8.8,"Comedy,  Romance,  Fantasy,  Melodrama ",Lee Eung Bok,"Gong Yoo, Kim Go Eun, Lee Dong Wook, Yoo In Na, Yook Sung Jae, Lee El",#27
The Uncanny Counter,"Nov 28, 2020 - Jan 24, 2021",2020,"Netflix,  OCN "," Saturday, Sunday",16,70,8.8,"Action,  Mystery,  Drama,  Supernatural ",Yoo Seon Dong,"Cho Byeong Kyu, Yoo  Joon Sang, Kim Se Jeong, Yeom Hye Ran, Ahn Suk Hwan, Lee Hong Nae",#28
Mouse,"Mar  3, 2021 - May 19, 2021",2021,tvN," Wednesday, Thursday",20,75,8.7,"Thriller,  Mystery,  Sci-Fi ","Choi Joon Bae, Kang Cheol Woo","Lee Seung Gi, Lee Hee Joon, Park Joo Hyun, Kyung Soo Jin, Woo Ji Hyun, Ahn Jae Wook",#29
Kingdom,25-Jan-19,2019,Netflix,Friday,6,51,8.8,"Thriller,  Historical,  Horror,  Political ",Kim Sung Hoon,"Joo Ji Hoon, Ryu Seung Ryong, Bae Doo Na, Kim Sung Gyu, Kim Chan Yi, Kim  Sang Ho",#30
Weightlifting Fairy Kim Bok Joo,"Nov 16, 2016 - Jan 11, 2017",2016,MBC," Wednesday, Thursday",16,60,8.8,"Comedy,  Romance,  Youth,  Sports ","Oh Hyun Jong, Nam Sung Woo","Lee Sung Kyung, Nam Joo Hyuk, Lee Jae Yoon, Kyung Soo Jin, Cho Hye Jung, Lee Joo Young",#31
D.P.,27-Aug-21,2021,Netflix,Friday,6,50,8.8,"Action,  Military,  Comedy,  Drama ",Han Jun Hee,"Jung Hae In, Koo Kyo Hwan, Kim Sung Kyun, Son Seok Koo, Hong Kyung, Jo Hyun Chul",#32
The Devil Judge,"Jul  3, 2021 - Aug 22, 2021",2021,tvN," Saturday, Sunday",16,70,8.8,"Mystery,  Law,  Crime,  Drama ",Choi Jung Gyu,"Ji Sung, Kim Min Jung, Park Jin Young, Park Gyu Young, Jeon Chae Eun, Kim Jae Kyung",#33
The Penthouse,"Oct 26, 2020 - Jan  5, 2021",2020,SBS," Monday, Tuesday",21,85,8.8,"Thriller,  Mystery,  Drama,  Family ",Joo Dong Min,"Lee Ji Ah, Kim So Yeon, Eugene, Uhm Ki Joon, Bong Tae Kyu, Shin Eun Kyung",#34
Youth of May,"May  3, 2021 - Jun  8, 2021",2021,KBS2," Monday, Tuesday",12,70,8.8,"Historical,  Romance,  Drama,  Melodrama ","Song Min Yeop, Lee Dae Kyung","Lee Do Hyun, Go Min Si, Lee Sang Yi, Geum Sae Rok, Oh Man Suk, Uhm Hyo Sub",#35
Taxi Driver,"Apr  9, 2021 - May 29, 2021",2021,SBS," Friday, Saturday",16,65,8.8,"Action,  Thriller,  Mystery,  Drama ",Park Joon Woo,"Lee Je Hoon, Esom, Kim Eui Sung, Pyo Ye Jin, Cha Ji Yeon, Jang Hyuk Jin",#36
Life on Mars,"Jun  9, 2018 - Aug  5, 2018",2018,OCN," Saturday, Sunday",16,65,8.8,"Action,  Mystery,  Comedy,  Supernatural ",Lee Jeong Hyo,"Jung Kyung Ho, Park Sung Woong, Go Ah Sung, Oh Dae Hwan, Noh Jong Hyun, Jun Suk Ho",#37
Beyond Evil,"Feb 19, 2021 - Apr 10, 2021",2021,jTBC," Friday, Saturday",16,65,8.8,"Thriller,  Mystery,  Psychological,  Drama ",Shim Na Yeon,"Shin Ha Kyun, Yeo Jin Goo, Choi Dae Hoon, Kim Shin Rok, Choi Sung Eun, Choi Jin Ho",#38
Racket Boys,"May 31, 2021 - Aug  9, 2021",2021,"Netflix,  SBS "," Monday, Tuesday",16,75,8.8,"Friendship,  Comedy,  Youth,  Sports ",Jo Young Kwang,"Kim Sang Kyung, Oh Na Ra, Tang Jun Sang, Son Sang Yeon, Choi Hyun Wook, Kim Kang Hoon",#39
Hometown Cha-Cha-Cha,"Aug 28, 2021 - Oct 17, 2021",2021,"Netflix,  tvN "," Saturday, Sunday",16,80,8.8,"Comedy,  Romance,  Life ",Yoo Je Won,"Shin Min Ah, Kim Seon Ho, Lee Sang Yi, In Gyo Jin, Jo Han Chul, Lee Bong Ryun",#40
Six Flying Dragons,"Oct  5, 2015 - Mar 22, 2016",2015,SBS," Monday, Tuesday",50,60,8.8,"Action,  Historical,  Drama,  Political ",Shin Kyung Soo,"Yoo Ah In, Kim Myung Min, Shin Se Kyung, Byun Yo Han, Yoon Kyun Sang, Chun Ho Jin",#41
Our Beloved Summer,"Dec 6, 2021 - Jan 25, 2022",2021,"Netflix, SBS","Monday, Tuesday",16,60,8.7,"Romance, Life, Youth, Drama ",Kim Yoon Jin,"Choi Woo Shik, Kim Da Mi, Kim Sung Cheol, Roh Jeong Eui, Ahn Dong Goo, Park Jin Joo",#42
The Guest,"Sep 12, 2018 - Nov  1, 2018",2018,OCN," Wednesday, Thursday",16,67,8.8,"Thriller,  Mystery,  Horror,  Supernatural ",Kim Hong Seon,"Kim Dong Wook, Kim Jae Wook, Jung Eun Chae, Lee Won Jong, Park Ho San, Ahn Nae Sang",#43
Dear My Friends,"May 13, 2016 - Jul  2, 2016",2016,tvN," Friday, Saturday",16,70,8.7,"Life,  Drama,  Family,  Melodrama ",Hong Jong Chan,"Go Hyun Jung, Kim Hye Ja, Na Moon Hee, Go Doo Shim, Park Won Sook, Youn Yuh Jung",#44
While You Were Sleeping,"Sep 27, 2017 - Nov 16, 2017",2017,SBS," Wednesday, Thursday",32,30,8.7,"Mystery,  Romance,  Drama,  Fantasy ","Oh Choong Hwan, Park Soo Jin","Bae Suzy, Lee Jong Suk, Jung Hae In, Lee Sang Yeob, Hwang Young Hee, Shin Jae Ha",#45
The Penthouse 2,"Feb 19, 2021 - Apr  2, 2021",2021,SBS," Friday, Saturday",13,75,8.8,"Thriller,  Mystery,  Drama,  Family ",Joo Dong Min,"Kim So Yeon, Eugene, Lee Ji Ah, Uhm Ki Joon, Yoon Jong Hoon, Shin Eun Kyung",#46
Chicago Typewriter,"Apr  7, 2017 - Jun  3, 2017",2017,tvN," Friday, Saturday",16,70,8.7,"Comedy,  Romance,  Supernatural,  Political ",Kim Chul Gyu,"Yoo Ah In, Im Soo Jung, Go Kyung Pyo, Kwak Shi Yang, Jo  Woo Jin, Oh Na Ra",#47
18 Again,"Sep 21, 2020 - Nov 10, 2020",2020,jTBC," Monday, Tuesday",16,70,8.7,"Romance,  Life,  Drama,  Fantasy ",Ha Byung Hoon,"Kim Ha Neul, Yoon Sang Hyun, Lee Do Hyun, Roh Jeong Eui, Ryeoun, Wi Ha Joon",#48
Arthdal Chronicles Part 2,"Jun 22, 2019 - Jul  7, 2019",2019,"Netflix,  tvN "," Saturday, Sunday",6,81,8.7,"Historical,  Romance,  Fantasy,  Political ",Kim Won Suk,"Song Joong Ki, Kim Ji Won, Jang Dong Gun, Kim Ok Bin, Jo Sung Ha, Park Hae Joon",#49
Arthdal Chronicles Part 3,"Sep  7, 2019 - Sep 22, 2019",2019,"Netflix,  tvN "," Saturday, Sunday",6,80,8.7,"Historical,  Romance,  Fantasy,  Political ",Kim Won Suk,"Song Joong Ki, Kim Ji Won, Jang Dong Gun, Kim Ok Bin, Kim Sung Chul, Karata Erika",#50
Through the Darkness,"Jan 14, 2022 - Mar 12, 2022",2022,SBS,"Friday, Saturday",12,70,8.7,"Thriller, Mystery, Crime, Drama ","Kim Jae Hong, Park Bo Ram","Kim Nam Gil, Jin Seon Kyu, Kim So Jin, Ryeoun, Lee Dae Yeon, Kim Won Hae",#51
Dr. Romantic 2,"Jan  6, 2020 - Feb 25, 2020",2020,SBS," Monday, Tuesday",16,70,8.7,"Romance,  Drama,  Medical,  Melodrama ","Yoo In Shik, Lee Gil Bok","Han Seok Kyu, Ahn Hyo Seop, Lee Sung Kyung, Kim Joo Heon, Shin Dong Wook, So Ju Yeon",#52
Defendant,"Jan 23, 2017 - Mar 21, 2017",2017,SBS," Monday, Tuesday",18,70,8.7,"Thriller,  Mystery,  Law,  Drama ","Jo Young Kwang, Jung Dong Yoon","Ji Sung, Uhm Ki Joon, Kwon Yu Ri, Oh Chang Seok, Uhm Hyun Kyung, Jung Dong Gyu",#53
Our Blues,"Apr 9, 2022 - Jun 12, 2022",2022,"Netflix, tvN","Saturday, Sunday",20,70,8.7,"Romance, Life, Drama, Melodrama","Kim Kyu Tae, Lee Jung Mook","Lee Byung Hun, Shin Min Ah, Cha Seung Won, Lee Jung Eun, Uhm Jung Hwa, Han Ji Min",#54
Sweet Home,18-Dec-20,2020,Netflix,Friday,10,52,8.7,"Horror,  Drama,  Sci-Fi,  Supernatural ",Lee Eung Bok,"Song Kang, Lee Jin Wook, Lee Si Young, Lee Do Hyun, Kim Nam Hee, Go Min Si",#55
"Kill Me, Heal Me","Jan  7, 2015 - Mar 12, 2015",2015,MBC," Wednesday, Thursday",20,62,8.7,"Psychological,  Comedy,  Romance,  Drama ","Kim Jin Man, Kim Dae Jin","Ji Sung, Hwang Jung Eum, Park Seo Joon, Kim Yoo Ri, Oh Min Suk, Kim Young Ae",#56
Moon Lovers,"Aug 29, 2016 - Nov  1, 2016",2016,SBS," Monday, Tuesday",20,60,8.7,"Historical,  Romance,  Melodrama ",Kim Kyu Tae,"Lee Joon Gi, IU, Kang Ha Neul, Hong Jong Hyun, Nam Joo Hyuk, Byun Baek Hyun",#57
A Business Proposal,"Feb 28, 2022 - Apr 5, 2022",2022,"Netflix, SBS","Monday, Tuesday",12,60,8.7,"Comedy, Romance, Drama",Park Seon Ho,"Shin Ha Ri is a single woman and works for a company. She has a male friend, who she has had a crush on for a long time, but she learns he has a girlfriend. Shin Ha Ri feels sad and decides to meet her friend Jin Young Seo, who is a daughter of a chaebol family. Jin Young Seo then asks Shin Ha Ri to take her place in a blind date and even offers some money for her time. Shin Ha Ri accepts her friend's offer. She goes out on the blind date as Jin Young Seo, while having the intention to get rejected by her date. When she sees her blind date, Shin Ha Ri is dumbfounded. Her blind date is Kang Tae Mu. He is the CEO of the company where she works. Kang Tae Mu is the CEO of a company that his grandfather founded. One day, his grandfather informed him of an upcoming blind date that he set up for him. Kang Tae Mu is a workaholic and he is annoyed that his grandfather sets up blind dates for him. He decides to marry the next woman whom he meets at a blind date, so he won't be disturbed from his work anymore. That woman is Shin Ha Ri, but pretending to be Jin Young Seo. On the following day, Shin Ha Ri receives a phone call from Kang Tae Mu. He asks her to marry him.",#58
Misaeng,"Oct 17, 2014 - Dec 20, 2014",2014,tvN," Friday, Saturday",20,80,8.7,"Friendship,  Business,  Life,  Drama ",Kim Won Suk,"Im Si Wan, Lee Sung Min, Kang So Ra, Kang Ha Neul, Byun Yo Han, Kim Dae Myung",#59
Strong Woman Do Bong Soon,"Feb 24, 2017 - Apr 15, 2017",2017,jTBC," Friday, Saturday",16,67,8.7,"Action,  Thriller,  Comedy,  Romance,  Drama,  Supernatural ",Lee Hyung Min,"Park Bo Young, Park Hyung Sik, Kim Ji Soo, Jun Suk Ho, Shim Hye Jin, Yoo Jae Myung",#60
The Fiery Priest,"Feb 15, 2019 - Apr 20, 2019",2019,SBS," Friday, Saturday",40,35,8.7,"Action,  Mystery,  Comedy,  Crime ",Lee Myung Woo,"Kim Nam Gil, Kim Sung Kyun, Lee Ha Nee, Go Jun, Geum Sae Rok, Jeon Sung Woo",#61
My Name,15-Oct-21,2021,Netflix,Friday,8,50,8.7,"Action,  Thriller,  Crime ",Kim Jin Min,"Han So Hee, Park Hee Soon , Ahn Bo Hyun, Lee Hak Joo, Kim  Sang Ho, Jang Yool",#62
Hotel del Luna,"Jul 13, 2019 - Sep  1, 2019",2019,tvN," Saturday, Sunday",16,80,8.7,"Horror,  Comedy,  Romance,  Fantasy ",Oh Choong Hwan,"IU, Yeo Jin Goo, Shin Jung Keun, Bae Hae Seon, P.O, Jo Hyun Chul",#63
Hot Stove League,"Dec 13, 2019 - Feb 14, 2020",2019,SBS," Friday, Saturday",16,62,8.7,"Drama,  Sports,  Melodrama ",Jung Dong Yoon,"Namkoong Min, Park Eun Bin, Cho Byeong Kyu, Oh Jung Se, Son Jong Hak, Kim Do Hyun",#64
Dr. Romantic,"Nov  7, 2016 - Jan 16, 2017",2016,SBS," Monday, Tuesday",20,60,8.7,"Romance,  Drama,  Medical ","Yoo In Shik, Park Soo Jin","Han Seok Kyu, Yoo Yeon Seok, Seo Hyun Jin, Choi Jin Ho, Yang Se Jong, Jang Hyuk Jin",#65
Descendants of the Sun,"Feb 24, 2016 - Apr 14, 2016",2016,KBS2," Wednesday, Thursday",16,60,8.7,"Action,  Comedy,  Romance,  Melodrama ","Baek Sang Hoon, Lee Eung Bok","Song Joong Ki, Song Hye Kyo, Jin Goo, Kim Ji Won, Lee Seung Jun, Seo Jung Yeon",#66
Law School,"Apr 14, 2021 - Jun  9, 2021",2021,"jTBC,  Netflix "," Wednesday, Thursday",16,65,8.7,"Mystery,  Law,  Crime,  Drama ",Kim Seok Yoon,"Kim Myung Min, Kim Bum, Ryu Hye Young, Lee Jung Eun, Lee Soo Kyung, Lee David",#67
Strangers from Hell,"Aug 31, 2019 - Oct  6, 2019",2019,OCN," Saturday, Sunday",10,60,8.7,"Thriller,  Horror,  Psychological,  Drama ",Lee Chang Hee,"Im Si Wan, Lee Dong Wook, Lee Jung Eun, Ahn Eun Jin, Park Jong Hwan, Lee Joong Ok",#68
Live,"Mar 10, 2018 - May  6, 2018",2018,"Netflix,  tvN "," Saturday, Sunday",18,75,8.7,"Friendship,  Comedy,  Romance,  Crime ","Kim Kyu Tae, Myung Hyun Woo","Lee Kwang Soo, Jung Yu Mi, Bae Sung Woo, Bae Jong Ok, Sung Dong Il, Jang Hyun Sung",#69
Tunnel,"Mar 25, 2017 - May 21, 2017",2017,OCN," Saturday, Sunday",16,60,8.7,"Thriller,  Mystery,  Sci-Fi,  Fantasy ","Nam Ki Hoon, Shin Yong Hwi","Choi Jin Hyuk, Yoon Hyun Min, Lee Yoo Young, Jo Hee Bong, Kim Byung Chul, Kang Ki Young",#70
My Liberation Notes,"Apr 9, 2022 - May 29, 2022",2022,"jTBC, Netflix","Saturday, Sunday",16,67,8.6,"Romance, Life, Drama, Melodrama",Kim Seok Yoon,"Kim Ji Won, Lee Min Ki, Son Seok Koo, Lee El, Lee Ki Woo, Chun Ho Jin",#71
Partners for Justice 2,"Jun  3, 2019 - Jul 29, 2019",2019,MBC," Monday, Tuesday",32,35,8.6,"Mystery,  Law,  Drama,  Medical ","Noh Do Cheol, Han Jin Sun","Jung Jae Young, Jung Yoo Mi, Oh Man Suk, Noh Min Woo, Kang Seung Hyun, Park Jun Gyu",#72
Jewel in the Palace,"Sep 15, 2003 - Mar 23, 2004",2003,MBC," Monday, Tuesday",54,65,8.6,"Food,  Historical,  Romance,  Medical ",Lee Byung Hoon,"Lee Young Ae, Ji Jin Hee, Hong Ri Na, Im Ho, Yang  Mi Kyung, Kyeon Mi Ri",#73
"It's Okay, That's Love","Jul 23, 2014 - Sep 11, 2014",2014,SBS," Wednesday, Thursday",16,60,8.6,"Psychological,  Comedy,  Romance,  Drama ",Kim Kyu Tae,"Jo In Sung, Gong Hyo Jin, Sung Dong Il, Lee Kwang Soo, Jin Kyung, Lee Sung Kyung",#74
Little Women,"Sep 3, 2022 - Oct 9, 2022",2022,"Netflix, tvN","Saturday, Sunday",12,75,8.6,"Action, Thriller, Mystery, Drama",Kim Hee Won,"Kim Go Eun, Nam Ji Hyun, Park Ji Hoo, Wi Ha Joon, Uhm Ki Joon, Uhm Ji Won",#75
Ghost Doctor,"Jan 3, 2022 - Feb 22, 2022",2022,tvN,"Monday, Tuesday",16,70,8.6,"Comedy, Medical, Fantasy, Supernatural",Boo Sung Chul,"Rain, Kim Bum, Uee, Son Na Eun, Sung Dong Il, Tae In Ho",#76
Eulachacha Waikiki,"Feb  5, 2018 - Apr 17, 2018",2018,jTBC," Monday, Tuesday",20,65,8.6,"Comedy,  Life,  Youth,  Drama ",Lee Chang Min,"Kim Jung Hyun, Lee Yi Kyung, Son Seung Won, Jung In Sun, Go Won Hee, Lee Joo Woo",#77
The Bridal Mask,"May 30, 2012 - Sep  6, 2012",2012,KBS2," Wednesday, Thursday",28,65,8.6,"Action,  Historical,  Romance,  Political ","Yoon Sung Shik, Cha Young Hoon","Joo Won, Jin Se Yeon, Park Ki Woong, Han Chae Ah, Shin Hyun Joon, Chun Ho Jin",#78
Children of Nobody,"Nov 21, 2018 - Jan 16, 2019",2018,MBC," Wednesday, Thursday",32,30,8.6,"Thriller,  Mystery,  Psychological,  Crime,  Drama ",Choi Jung Gyu,"Kim Sun Ah, Lee Yi Kyung, Nam Gyu Ri, N, Joo Seok Tae, Na Young Hee",#79
Good Manager,"Jan 25, 2017 - Mar 30, 2017",2017,KBS2," Wednesday, Thursday",20,60,8.6,"Business,  Comedy,  Crime,  Drama ","Lee Jae Hoon, Choi Yoon Seok","Namkoong Min, Nam Sang Mi, Lee Jun Ho, Jung Hye Sung, Kim Won Hae, Kim Kang Hyun",#80
The King of Pigs,"Mar 18, 2022 - Apr 22, 2022",2022,tvN,Friday,12,55,8.6,"Thriller, Mystery, Drama",Kim Dae Jin,"Kim Dong Wook, Kim Sung Gyu, Chae Jung An, Choi Hyun Jin, Sim Hyun Seo, Lee Chan Yoo",#81
Big Mouth,"Jul 29, 2022 - Sep 17, 2022",2022,"Hulu, MBC","Friday, Saturday",16,71,8.6,"Thriller, Mystery, Law, Drama","Oh Choong Hwan, Bae Hyun Jin","Lee Jong Suk, Im Yoon Ah, Kim Joo Heon, Kwak Dong Yeon, Yang Kyung Won, Ok Ja Yeon",#82
Go Back Couple,"Oct 13, 2017 - Nov 18, 2017",2017,KBS2," Friday, Saturday",12,70,8.6,"Comedy,  Romance,  Life,  School,  Drama,  Family,  Supernatural ",Ha Byung Hoon,"Jang Na Ra, Son Ho Jun, Heo Jung Min, Han Bo Reum, Jang Ki Yong, Go Bo Gyeol",#83
Empress Ki,"Oct 28, 2013 - Apr 29, 2014",2013,MBC," Monday, Tuesday",51,65,8.6,"Historical,  Romance,  Melodrama,  Political ","Han Hee, Lee Sung Joon","Ha Ji Won, Ji Chang Wook, Joo Jin Mo, Baek Jin Hee, Kim Ji Han, Kim Seo Hyung",#84
My Father is Strange,"Mar  4, 2017 - Aug 27, 2017",2017,KBS2," Saturday, Sunday",52,66,8.6,"Comedy,  Romance,  Drama,  Family ",Lee Jae Sang,"Kim Yeong Cheol, Kim Hae Sook, Ryu Soo Young, Lee Yoo Ri, Lee Joon, Jung So Min",#85
Once Again,"Mar 28, 2020 - Sep 13, 2020",2020,KBS2," Saturday, Sunday",100,35,8.6,"Comedy,  Romance,  Drama,  Family ",Lee Jae Sang,"Chun Ho Jin, Cha Hwa Yun, Lee Jung Eun, Oh Dae Hwan, Lee Min Jung, Lee Sang Yeob",#86
Missing,"Aug 29, 2020 - Oct 11, 2020",2020,OCN," Saturday, Sunday",12,70,8.6,"Thriller,  Mystery,  Supernatural ",Min Yeon Hong,"Go Soo, Heo Joon Ho, Ahn So Hee, Ha Joon, Seo Eun Soo, Song Geon Hee",#87
Stranger 2,"Aug 15, 2020 - Oct  4, 2020",2020,"Netflix,  tvN "," Saturday, Sunday",16,62,8.6,"Thriller,  Mystery,  Law,  Drama ",Park Hyun Suk,"Jo Seung Woo, Bae Doo Na, Jeon Hye Jin, Choi Moo Sung, Lee Joon Hyuk, Yoon Se Ah",#88
Designated Survivor,"Jul  1, 2019 - Aug 20, 2019",2019,"Netflix,  tvN "," Monday, Tuesday",16,70,8.6,"Thriller,  Mystery,  Drama,  Political ",Yoo Jong Sun,"Ji Jin Hee, Son Seok Koo, Kang Han Na, Heo Joon Ho, Lee Joon Hyuk, Choi Yoon Young",#89
Juvenile Justice,25-Feb-22,2022,Netflix,Friday,10,62,8.6,"Law, Drama",Hong Jong Chan,"Kim Hye Soo, Kim Mu Yeol, Lee Sung Min, Lee Jung Eun, Lee Sang Hee, Park Ji Yun",#90
Cruel City,"May 27, 2013 - Jul 30, 2013",2013,jTBC," Monday, Tuesday",20,60,8.6,"Action,  Thriller,  Romance,  Crime ",Lee Jeong Hyo,"Jung Kyung Ho, Nam Gyu Ri, Lee Jae Yoon, Son Chang Min, Kim Yoo Mi, Choi Moo Sung",#91
My Love from the Star,"Dec 18, 2013 - Feb 27, 2014",2013,SBS," Wednesday, Thursday",21,58,8.6,"Comedy,  Romance,  Drama,  Supernatural ","Oh Choong Hwan, Jang Tae Yoo","Kim Soo Hyun, Jun Ji Hyun, Park Hae Jin, Yoo In Na, Shin Sung Rok, Kim Chang Wan",#92
Mystic Pop-Up Bar,"May 20, 2020 - Jun 25, 2020",2020,"jTBC,  Netflix "," Wednesday, Thursday",12,68,8.6,"Mystery,  Comedy,  Family,  Fantasy ",Jun Chang Geun,"Hwang Jung Eum, Yook Sung Jae, Choi Won Young, Jung Da Eun, Lee Joon Hyuk, Na In Woo",#93
Age of Youth,"Jul 22, 2016 - Aug 27, 2016",2016,jTBC," Friday, Saturday",12,60,8.6,"Friendship,  Romance,  Life,  Youth ",Lee Tae Gon,"Han Ye Ri, Ryu Hwa Young, Park Eun Bin, Han Seung Yeon, Park Hye Soo, Yoon Park",#94
Just Between Lovers,"Dec 11, 2017 - Jan 30, 2018",2017,jTBC," Monday, Tuesday",16,73,8.6,"Psychological,  Romance,  Melodrama ",Kim Jin Won,"Lee Jun Ho, Won Jin Ah, Lee Ki Woo, Kang Han Na, Kim Hye Joon, Yoon Se Ah",#95
Save Me,"Aug  5, 2017 - Sep 24, 2017",2017,OCN," Saturday, Sunday",16,60,8.6,"Action,  Thriller,  Mystery,  Drama ",Kim Sung Soo,"Seo Yea Ji, Ok Taec Yeon, Woo Do Hwan, Jo Sung Ha, Jo Jae Yoon, Park Ji Young",#96
Bad and Crazy,"Dec 17, 2021 - Jan 28, 2022",2021,"iQiyi, tvN","Friday, Saturday",12,70,8.6,"Action, Thriller, Mystery, Comedy",Yoo Seon Dong,"Lee Dong Wook, Wi Ha Joon, Han Ji Eun, Cha Hak Yeon, Sung Ji Ru, Cha Shi Won",#97
365,"Mar 23, 2020 - Apr 28, 2020",2020,MBC," Monday, Tuesday",24,35,8.6,"Thriller,  Mystery,  Drama,  Fantasy ",Kim Kyung Hee,"Lee Joon Hyuk, Nam Ji Hyun, Kim Jee Soo, Lee Sung Wook, Yoon Joo Sang, Ahn Seung Gyun",#98
The Master's Sun,"Aug  7, 2013 - Oct  3, 2013",2013,SBS," Wednesday, Thursday",17,62,8.6,"Horror,  Comedy,  Romance,  Supernatural ",Jin Hyeok,"Gong Hyo Jin, So Ji Sub, Seo In Guk, Kim Yoo Ri, Choi Jung Woo, Kim  Mi Kyung",#99
Avengers Social Club,"Oct 11, 2017 - Nov 16, 2017",2017,tvN," Wednesday, Thursday",12,60,8.6,"Friendship,  Comedy,  Life,  Drama ","Kwon Seok Jang, Kim Sang Ho","Lee Yo Won, Ra Mi Ran, Myung Se Bin, Lee Jun Young, Choi Byung Mo, Jang Yong",#100
Rebel,"Jan 30, 2017 - May 16, 2017",2017,MBC," Monday, Tuesday",30,60,8.5,"Action,  Thriller,  Historical,  Romance ",Kim Jin Man,"Yoon Kyun Sang, Chae Soo Bin, Kim Ji Suk, Lee Ha Nee, Kim Sang Joong, Shim Hee Sub",#101
Nobody Knows,"Mar  2, 2020 - Apr 21, 2020",2020,SBS," Monday, Tuesday",16,70,8.5,"Thriller,  Mystery,  Drama,  Melodrama ",Lee Jung Heum,"Kim Seo Hyung, Ryu Deok Hwan, Park Hoon, Ahn Ji Ho, Min Jin Woong, Kang Ye Won",#102
Bad Guys,"Oct  4, 2014 - Dec 13, 2014",2014,OCN,Saturday,11,65,8.5,"Action,  Thriller,  Psychological,  Crime ","Shin Yong Hwi, Kim Jung Min","Kim Sang Joong, Park Hae Jin, Jo Dong Hyuk, Ma Dong Seok, Kang Ye Won, Kang Shin Il",#103
Beautiful World,"Apr  5, 2019 - May 25, 2019",2019,"jTBC,  Viki "," Friday, Saturday",16,60,8.5,"Life,  School,  Family,  Melodrama ",Park Chan Hong,"Park Hee Soon , Choo Ja Hyun, Oh Man Suk, Cho Yeo Jung, Nam  Da Reum , Kim Hwan Hee",#104
Arthdal Chronicles Part 1,"Jun  1, 2019 - Jun 16, 2019",2019,"Netflix,  tvN "," Saturday, Sunday",6,80,8.5,"Historical,  Romance,  Fantasy,  Political ",Kim Won Suk,"Song Joong Ki, Kim Ji Won, Jang Dong Gun, Kim Ok Bin, Kim Eui Sung, Lee Do Kyung",#105
Kairos,"Oct 26, 2020 - Dec 22, 2020",2020,MBC," Monday, Tuesday",16,70,8.5,"Action,  Thriller,  Drama,  Sci-Fi ","Park Seung Woo, Sung Chi Wook","Shin Sung Rok, Lee Se Young, Ahn Bo Hyun, Nam Gyu Ri, Kang Seung Yoon, Jo Dong In",#106
I Hear Your Voice,"Jun  5, 2013 - Aug  1, 2013",2013,SBS," Wednesday, Thursday",18,60,8.5,"Mystery,  Law,  Romance,  Supernatural ",Jo Soo Won,"Lee Jong Suk, Lee Bo Young, Yoon Sang Hyun, Lee Da Hee, Jung Woong In, Yoon Joo Sang",#107
What's Wrong with Secretary Kim,"Jun  6, 2018 - Jul 26, 2018",2018,tvN," Wednesday, Thursday",16,69,8.5,"Friendship,  Business,  Comedy,  Romance ",Park Joon Hwa,"Park Min Young, Park Seo Joon, Lee Tae Hwan, Pyo Ye Jin, Kim Hye Ok, Kim Byung Ok",#108
Vagabond,"Sep 20, 2019 - Nov 23, 2019",2019,"Netflix,  SBS "," Friday, Saturday",16,70,8.5,"Action,  Thriller,  Mystery,  Crime ",Yoo In Shik,"Lee Seung Gi, Bae Suzy, Shin Sung Rok, Baek  Yoon Shik, Moon Sung Geun, Kim Min Jong",#109
One Ordinary Day,"Nov 27, 2021 - Dec 19, 2021",2021,ViuTV,"Saturday, Sunday",8,70,8.5,"Thriller, Mystery, Law, Crime",Lee Myung Woo,"Kim Soo Hyun, Cha Seung Won, Lee Seol, Kim Shin Rok, Kim Hong Pa, Kim Sung Gyu",#110
Reply 1997,"Jul 24, 2012 - Sep 18, 2012",2012,tvN,Tuesday,16,60,8.5,"Comedy,  Romance,  Life,  Family ",Shin Won Ho,"Jung Eun Ji, Seo In Guk, Hoya, Shin So Yool, Eun Ji Won, Lee Si Eon",#111
Doctor John,"Jul 19, 2019 - Sep  7, 2019",2019,SBS," Friday, Saturday",32,35,8.5,"Mystery,  Romance,  Life,  Medical ",Jo Soo Won,"Ji Sung, Lee Se Young, Lee Kyu Hyung, Hwang Hee, Jung Min Ah, Kwon Hwa Woon",#112
"Hi Bye, Mama!","Feb 22, 2020 - Apr 19, 2020",2020,"Netflix, tvN","Saturday, Sunday",16,70,8.5,"Romance, Drama, Melodrama, Supernatural",Yoo Je Won,"Kim Tae Hee, Lee Kyu Hyung, Go Bo Gyeol, Seo Woo Jin, Shin Dong Mi, Oh Eui Shik",#113
Voice,"Jan 14, 2017 - Mar 12, 2017",2017,OCN,"Saturday, Sunday",16,60,8.5,"Thriller, Mystery, Psychological",Kim Hong Seon,"Jang Hyuk, Lee  Ha Na, Baek Sung Hyun, Ye Sung, Son Eun Seo, Kim Jae Wook",#114
Fight For My Way,"May 22, 2017 - Jul 11, 2017",2017,KBS2," Monday, Tuesday",16,60,8.5,"Business,  Comedy,  Romance,  Sports ","Lee Na Jung, Kim Dong Hwi","Park Seo Joon, Kim Ji Won, Ahn Jae Hong, Song  Ha Yoon, Kim Sung Oh, Jin Hee Kyung",#115
Squid Game,17-Sep-21,2021,Netflix,Friday,9,60,8.5,"Action,  Thriller,  Mystery,  Drama ",Hwang Dong Hyuk,"Lee Jung Jae, Park Hae Soo, Jung Ho Yeon, Wi Ha Joon, Anupam Tripathi, Oh Young Soo",#116
W,"Jul 20, 2016 - Sep 14, 2016",2016,MBC,"Wednesday, Thursday",16,60,8.5,"Thriller, Comedy, Romance, Fantasy",Jeong Dae Yun,"Han Hyo Joo, Lee Jong Suk, Kim Eui Sung, Lee Tae Hwan, Jung Eugene, Lee Si Eon",#117
Queen Seon Duk,"May 25, 2009 - Dec 22, 2009",2009,MBC,"Monday, Tuesday",62,65,8.5,"Historical, Romance, Drama, Political","Park Hong Kyun, Kim Keun Hong","Lee Yo Won, Go Hyun Jung, Park Ye Jin, Yoo Seung Ho, Kim Nam Gil, Uhm Tae Woong",#118
Mad for Each Other,"May 24, 2021 - Jun 21, 2021",2021,"Daum Kakao TV, Netflix","Monday, Tuesday, Wednesday",13,35,8.5,"Comedy, Romance, Drama",Lee Tae Gon,"Oh Yeon Seo, Jung Woo, Lee Su Hyun, Ahn Woo Yeon, Kim Nam Hee, Baek Ji Won",#119
Dali and the Cocky Prince,"Sep 22, 2021 - Nov 11, 2021",2021,KBS2," Wednesday, Thursday",16,65,8.5,"Comedy,  Romance,  Drama ",Lee Jung Sub,"Park Gyu Young, Kim Min Jae, Kwon Yool, Hwang Hee, Yeonwoo, Park Sang Myun",#120
Thirty But Seventeen,"Jul 23, 2018 - Sep 18, 2018",2018,SBS,"Monday, Tuesday",32,35,8.5,"Music, Mystery, Comedy, Romance",Jo Soo Won,"Shin Hye Sun, Yang Se Jong, Ahn Hyo Seop, Ye Ji Won, Wang Ji Won, Yoon Sun Woo",#121
When the Camellia Blooms,"Sep 18, 2019 - Nov 21, 2019",2019,"KBS2,  Netflix "," Wednesday, Thursday",40,35,8.5,"Thriller,  Comedy,  Romance,  Drama,  Family ","Kang Min Kyung, Cha Young Hoon","Gong Hyo Jin, Kang Ha Neul, Kim Ji Suk, Son Dam Bi, Oh Jung Se, Yeom Hye Ran",#122
Be Melodramatic,"Aug 9, 2019 - Sep 28, 2019",2019,"jTBC, Viki","Friday, Saturday",16,65,8.5,"Comedy, Romance, Life, Melodrama",Kim Hye Young,"Chun Woo Hee, Jeon Yeo Been, Han Ji Eun, Ahn Jae Hong, Gong Myung, Lee Joo Bin",#123
Itaewon Class,"Jan 31, 2020 - Mar 21, 2020",2020,"jTBC, Netflix","Friday, Saturday",16,70,8.5,"Business, Romance, Life, Drama","Kang Min Gu, Kim Seong Yoon","Park Seo Joon, Kim Da Mi, Kwon Na Ra, Yoo Jae Myung, Ahn Bo Hyun, Kim Dong Hee",#124
Snowdrop,"Dec 18, 2021 - Jan 30, 2022",2021,jTBC,"Saturday, Sunday",16,90,8.5,"Romance, Drama, Melodrama, Political",Jo Hyun Taek,"Jung Hae In, Kim Ji Soo, Jang Seung Jo, Yoo In Na, Yoon Se Ah, Kim Hye Yoon",#125
Circle,"May 22, 2017 - Jun 27, 2017",2017,tvN,"Monday, Tuesday",12,65,8.5,"Thriller, Mystery, Sci-Fi","Min Jin Gi, Jung Hyun Nam","Yeo Jin Goo, Kim Kang Woo, Gong Seung Yeon, Lee Gi Kwang, Ahn Woo Yeon, Seo Hyun Chul",#126
Because This Is My First Life,"Oct  9, 2017 - Nov 28, 2017",2017,tvN," Monday, Tuesday",16,70,8.5,"Comedy,  Romance,  Life,  Drama ","Park Joon Hwa, Nam Sung Woo","Jung So Min, Lee Min Ki, Esom, Park Byung Eun, Kim Ga Eun, Kim Min Seok",#127
The Princess's Man,"Jul 20, 2011 - Oct 6, 2011",2011,KBS2,"Wednesday, Thursday",24,65,8.5,"Action, Historical, Romance, Political","Park Hyun Suk, Kim Jung Min, Kim Jung Min","Park Shi Hoo, Moon Chae Won, Kim Yeong Cheol, Song Jong Ho, Hong Soo Hyun, Lee Min Woo",#128
Blind,"Sep 16, 2022 - Nov 5, 2022",2022,"OCN, tvN","Friday, Saturday",16,70,8.5,"Thriller, Mystery, Drama",Shin Yong Hwi,"Ok Taec Yeon, Ha Seok Jin, Jung Eun Ji, Jung In Ki, Jung Eui Wook, Park Ji Bin",#129
Two Weeks,"Aug 7, 2013 - Sep 26, 2013",2013,MBC,"Wednesday, Thursday",16,68,8.5,"Action, Thriller, Mystery, Drama","Song Hyung Suk, Choi Jung Gyu","Lee Joon Gi, Park Ha Sun, Ryu Soo Young, Kim So Yeon, Lee Chae Mi, Jo  Min Ki",#130
"Work Later, Drink Now","Oct 22, 2021 - Nov 26, 2021",2021,tvN,Friday,12,35,8.5,"Comedy, Life, Drama",Kim Jung Shik,"Lee Sun Bin, Han Sun Hwa, Jung Eun Ji, Choi Si Won, Kim Jung Min, Yoo Ji Yeon",#131
Dong Yi,"Mar 22, 2010 - Oct 12, 2010",2010,MBC,"Monday, Tuesday",60,65,8.5,"Adventure, Historical, Mystery, Romance","Kim Sang Hyub, Lee Byung Hoon","Han Hyo Joo, Ji Jin Hee, Lee So Yeon, Bae Soo Bin, Park Ha Sun, Jung Jin Young",#132
Gaus Electronics,"Sep 30, 2022 - Nov 5, 2022",2022,"ENA, Olleh TV","Friday, Saturday",12,50,8.5,"Business, Comedy, Romance, Life",Park Joon Soo,"Kwak Dong Yeon, Go Sung Hee, Bae Hyun Sung, Kang  Min Ah, Baek Hyun Jin, Heo Jung Do",#133
Angel's Last Mission: Love,"May 22, 2019 - Jul 11, 2019",2019,KBS2,"Wednesday, Thursday",32,35,8.5,"Comedy, Romance, Drama, Fantasy",Lee Jung Sub,"Kim Myung Soo, Shin Hye Sun, Lee Dong Gun, Kim  Bo Mi, Woo Hee Jin, Gil Eun Hye",#134
The World of the Married,"Mar 27, 2020 - May 16, 2020",2020,jTBC,"Friday, Saturday",16,80,8.5,"Thriller, Romance, Drama, Melodrama",Mo Wan Il,"Kim Hee Ae, Park Hae Joon, Han So Hee, Park Sun Young, Kim Young Min, Chae Gook Hee",#135
All of Us Are Dead,28-Jan-22,2022,Netflix,Friday,12,62,8.5,"Action, Thriller, Horror, Sci-Fi",Lee Jae Gyoo,"Park Ji Hoo, Yoon Chan Young, Jo Yi Hyun, Lomon, Yoo In Soo, Kim Byung Chul",#136
Extracurricular,29-Apr-20,2020,Netflix,Wednesday,10,55,8.5,"Psychological, Crime, Youth, Drama",Kim Jin Min,"Kim Dong Hee, Park Ju Hyun, Jung Da Bin, Nam Yoon Su, Choi Min Soo, Park Hyuk Kwon",#137
Yumi's Cells,"Sep 17, 2021 - Oct 30, 2021",2021,tvN," Friday, Saturday",14,70,8.5,"Psychological,  Comedy,  Romance,  Drama ",Lee Sang Yeob,"Kim Go Eun, Ahn Bo Hyun, Park Ji Hyun, Lee Yoo Bi, Joo Jong Hyuk, Park Jin Young",#138
Lost,"Sep 4, 2021 - Oct 24, 2021",2021,"iQiyi, jTBC","Saturday, Sunday",16,70,8.4,"Life, Drama, Melodrama","Hur Jin Ho, Park Hong Soo","Jeon Do Yeon, Ryu Joon Yeol, Park Byung Eun, Kim Hyo Jin, Park Ji Young, Park In Hwan",#139
Queen In Hyun's Man,"Apr 18, 2012 - Jun 7, 2012",2012,tvN,"Wednesday, Thursday",16,45,8.4,"Historical, Comedy, Romance, Fantasy",Kim Byung Soo,"Ji Hyun Woo, Yoo In Na, Kim Jin Woo, Ga Deuk Hee, Seo Woo Jin, Kim Won Hae",#140
One Dollar Lawyer,"Sep 23, 2022 - Nov 11, 2022",2022,SBS,"Friday, Saturday",12,70,8.4,"Comedy, Law, Drama",Kim Jae Hyun,"Namkoong Min, Kim Ji Eun, Choi Dae Hoon, Lee Deok Hwa, Park Jin Woo, Ha Sung Kwang",#141
If You Wish Upon Me,"Aug 10, 2022 - Sep 29, 2022",2022,"KBS2, ViuTV","Wednesday, Thursday",16,70,8.4,"Romance, Life, Drama, Medical",Kim Yong Wan,"Ji Chang Wook, Choi Soo Young, Sung Dong Il, Won Ji An, Yang Hee Kyung, Kil Hae Yeon",#142
I'm Not a Robot,"Dec 6, 2017 - Jan 25, 2018",2017,MBC,"Wednesday, Thursday",32,35,8.4,"Comedy, Romance, Drama, Sci-Fi",Jeong Dae Yun,"Yoo Seung Ho, Chae Soo Bin, Uhm Ki Joon, Park Se Wan, Song Jae Ryong, Go Geon Han",#143
Memorist,"Mar 11, 2020 - Apr 30, 2020",2020,tvN,"Wednesday, Thursday",16,65,8.4,"Action, Thriller, Mystery, Supernatural","So Jae Hyun, Kim Hwi","Yoo Seung Ho, Lee Se Young, Jo Sung Ha, Ko Chang Seok, Yun Ji On, Jeon Hyo Sung",#144
Voice 2,"Aug 11, 2018 - Sep 16, 2018",2018,OCN,"Saturday, Sunday",12,60,8.4,"Thriller, Mystery, Psychological",Lee Seung Young,"Lee  Ha Na, Lee Jin Wook, Kwon Yool, Ahn Se Ha, Son Eun Seo, Kim Woo Seok",#145
Doom at Your Service,"May 10, 2021 - Jun 29, 2021",2021,"tvN, ViuTV","Monday, Tuesday",16,65,8.4,"Comedy, Romance, Drama, Fantasy",Kwon Young Il,"Park Bo Young, Seo In Guk, Lee Soo Hyuk, Kang Tae Oh, Shin Do Hyun, Dawon",#146
Duel,"Jun 3, 2017 - Jul 23, 2017",2017,OCN,"Saturday, Sunday",16,63,8.4,"Thriller, Mystery, Sci-Fi",Lee Jong Jae,"Jung Jae Young, Kim Jung Eun, Yang Se Jong, Seo Eun Soo, Kim Ki Doo, Yoon Gyung Ho",#147
Search: WWW,"Jun 5, 2019 - Jul 25, 2019",2019,tvN,"Wednesday, Thursday",16,70,8.4,"Business, Comedy, Romance, Drama","Jung Ji Hyun, Kwon Young Il","Im Soo Jung, Lee Da Hee, Jeon Hye Jin, Jang Ki Yong, Lee Jae Wook, Ji Seung Hyun",#148
"From Now On, Showtime!","Apr 23, 2022 - Jun 12, 2022",2022,"MBC, ViuTV","Saturday, Sunday",16,73,8.4,"Mystery, Comedy, Romance, Fantasy",Lee Hyung Min,"Park Hae Jin, Jin Ki Joo, Jung Joon, Go Gyu Pil, Jung Suk Yong, Park Seo Yeon",#149
Hello Monster,"Jun 22, 2015 - Aug 11, 2015",2015,KBS2,"Monday, Tuesday",16,70,8.4,"Thriller, Mystery, Psychological, Drama","Kim Jin Won, No Sang Hoon","Seo In Guk, Jang Na Ra, Park Bo Gum, Choi Won Young, Lee Chun Hee, Min Sung Wook",#150
Moon Embracing the Sun,"Jan 4, 2012 - Mar 15, 2012",2012,MBC,"Wednesday, Thursday",20,65,8.4,"Historical, Romance, Supernatural, Political","Lee Sung Joon, Kim Do Hoon","Han Ga In, Kim Soo Hyun, Jung Il Woo, Kim Min Seo, Kim Yoo Jung, Yeo Jin Goo",#151
Train,"Jul 11, 2020 - Aug 16, 2020",2020,OCN,"Saturday, Sunday",12,60,8.4,"Thriller, Mystery, Sci-Fi",Lee Seung Hoon,"Yoon Shi Yoon, Kyung Soo Jin, Shin So Yool, Lee Hang Na, Nam Moon Chul, Jo Wan Ki",#152
Sh**ting Stars,"Apr 22, 2022 - Jun 11, 2022",2022,tvN,"Friday, Saturday",16,60,8.4,"Comedy, Romance, Drama",Lee Soo Hyun,"Lee Sung Kyung, Kim Young Dae, Yoon Jong Hoon, Kim Yoon Hye, Park So Jin, Lee Jung Shin",#153
The Crowned Clown,"Jan 7, 2019 - Mar 4, 2019",2019,tvN,"Monday, Tuesday",16,80,8.4,"Historical, Romance, Melodrama, Political",Kim Hee Won,"Yeo Jin Goo, Lee Se Young, Kim Sang Kyung, Jang Gwang, Yoon Jong Seok, Yoon Gyung Ho",#154
Mad Dog,"Oct 11, 2017 - Nov 30, 2017",2017,KBS2,"Wednesday, Thursday",16,60,8.4,"Action, Thriller, Mystery",Hwang Eui Kyung,"Yoo Ji Tae, Woo Do Hwan, Ryu Hwa Young, Jo Jae Yoon, Kim Hye Sung, Hong Soo Hyun",#155
Birthcare Center,"Nov 2, 2020 - Nov 24, 2020",2020,tvN,"Monday, Tuesday",8,65,8.4,"Comedy, Life, Drama, Melodrama",Park Soo Won,"Uhm Ji Won, Park Ha Sun, Choi Ri, Jang Hye Jin, Yoon Park, Im Hwa Young",#156
Nine: Nine Times Time Travel,"Mar 11, 2013 - May 14, 2013",2013,tvN,"Monday, Tuesday",20,52,8.4,"Mystery, Romance, Supernatural",Kim Byung Soo,"Lee Jin Wook, Lee Seung Joon, Jo Yoon Hee, Oh Min Suk, Lee Yi Kyung, Jo Min Ah",#157
Extraordinary You,"Oct 2, 2019 - Nov 21, 2019",2019,MBC,"Wednesday, Thursday",32,35,8.4,"Comedy, Romance, Youth, Fantasy","Kim Sang Hyub, Kim Sang Woo","Kim Hye Yoon, Rowoon, Lee Jae Wook, Lee Na Eun, Kim Young Dae, Jung Gun Joo",#158
Pinocchio,"Nov 12, 2014 - Jan 15, 2015",2014,SBS,"Wednesday, Thursday",20,58,8.4,"Thriller, Mystery, Comedy, Romance",Jo Soo Won,"Lee Jong Suk, Park Shin Hye, Kim Young Kwang, Lee Yoo Bi, Jin Kyung, Lee Pil Mo",#159
Doctor Prisoner,"Mar 20, 2019 - May 15, 2019",2019,KBS2,"Wednesday, Thursday",32,35,8.4,"Thriller, Law, Crime, Medical","Song Min Yeop, Hwang In Hyuk","Namkoong Min, Kwon Na Ra, Kim Byung Chul, Choi Won Young, Lee Da In, Jin Hee Kyung",#160
Love All Play,"Apr 20, 2022 - Jun 9, 2022",2022,KBS2,"Wednesday, Thursday",16,70,8.4,"Romance, Drama, Sports, Melodrama",Jo Woong,"Park Ju Hyun, Chae Jong Hyeop, Park Ji Hyun, Kim Moo Joon, Seo Ji Hye, Jo Han Chul",#161
My Unfamiliar Family,"Jun 1, 2020 - Jul 21, 2020",2020,tvN,"Monday, Tuesday",16,75,8.4,"Life, Drama",Kwon Young Il,"Han Ye Ri, Kim Ji Suk, Choo Ja Hyun, Jung Jin Young, Won Mi Kyung, Shin Jae Ha",#162
Her Private Life,"Apr 10, 2019 - May 30, 2019",2019,tvN,"Wednesday, Thursday",16,75,8.4,"Business, Comedy, Romance, Drama",Hong Jong Chan,"Park Min Young, Kim Jae Wook, Ahn Bo Hyun, One, Kim Bo Ra, Park Jin Joo",#163
Age of Youth 2,"Aug 25, 2017 - Oct 7, 2017",2017,jTBC,"Friday, Saturday",14,60,8.4,"Mystery, Comedy, Romance, Life","Lee Tae Gon, Kim Sang Ho","Han Ye Ri, Han Seung Yeon, Park Eun Bin, Ji Woo, Choi A Ra, Kim Min Seok",#164
Secret,"Sep 25, 2013 - Nov 14, 2013",2013,KBS2,"Wednesday, Thursday",16,62,8.4,"Romance, Drama, Melodrama","Baek Sang Hoon, Lee Eung Bok","Ji Sung, Hwang Jung Eum, Bae Soo Bin, Lee Da Hee, Lee Deok Hwa, Jo Mi Ryung",#165
Military Prosecutor Doberman,"Feb 28, 2022 - Apr 26, 2022",2022,tvN,"Monday, Tuesday",16,65,8.4,"Action, Military, Mystery, Law",Jin Chang Gyu,"Ahn Bo Hyun, Jo Bo Ah, Oh Yeon Soo, Kim Young Min, Kim Woo Seok, Kang Mal Geum",#166
Pachinko,"Mar 25, 2022 - Apr 29, 2022",2022,Apple TV+,Friday,8,54,8.4,"Historical, Romance, Drama, Melodrama","Kogonada, Justin Chon","Kim Min Ha, Youn Yuh Jung, Jin Ha, Lee Min Ho, Jeon Yu Na, Park So Hee",#167
My Roommate Is a Gumiho,"May 26, 2021 - Jul 15, 2021",2021,"iQiyi, tvN","Wednesday, Thursday",16,70,8.4,"Comedy, Romance, Fantasy",Nam Sung Woo,"Jang Ki Yong, Lee Hye Ri, Kang Han Na, Kim Do Wan, Bae In Hyuk, Park Kyung Hye",#168
Yumi's Cells 2,"Jun 10, 2022 - Jul 22, 2022",2022,tvN,Friday,14,65,8.4,"Comedy, Romance, Life",Lee Sang Yeob,"Kim Go Eun, Park Jin Young, Ahn Bo Hyun, Lee Yoo Bi, Mi Ram, Kwon Seung Woo",#169
My Country: The New Age,"Oct 4, 2019 - Nov 23, 2019",2019,"jTBC, Netflix","Friday, Saturday",16,85,8.4,"Action, Historical, Romance, Drama",Kim Jin Won,"Yang Se Jong, Woo Do Hwan, Kim Seol Hyun, Jang Hyuk, Kim Yeong Cheol, Ahn Nae Sang",#170
Sell Your Haunted House,"Apr 14, 2021 - Jun 9, 2021",2021,KBS2,"Wednesday, Thursday",16,70,8.4,"Thriller, Mystery, Comedy, Fantasy",Park Jin Suk,"Jang Na Ra, Jung Yong Hwa, Kang Hong Suk, Kang Mal Geum, Baek Eun Hye, Ahn Kil Kang",#171
Player,"Sep 29, 2018 - Nov 11, 2018",2018,OCN,"Saturday, Sunday",14,65,8.4,"Action, Thriller, Mystery, Comedy",Go Jae Hyun,"Song Seung Heon, Krystal Jung, Lee Si Eon, Tae Won Seok, Kim Won Hae, Ahn Se Ho",#172
The Legend of the Blue Sea,"Nov 16, 2016 - Jan 25, 2017",2016,SBS,"Wednesday, Thursday",20,60,8.4,"Comedy, Romance, Drama, Fantasy",Jin Hyeok,"Lee Min Ho, Jun Ji Hyun, Lee Hee Joon, Shin  Won Ho, Shin Hye Sun, Moon So Ri",#173
Come and Hug Me,"May 16, 2018 - Jul 19, 2018",2018,MBC,"Wednesday, Thursday",32,35,8.4,"Thriller, Mystery, Romance, Melodrama",Choi Joon Bae,"Jang Ki Yong, Jin Ki Joo, Heo Joon Ho, Yoon Jong Hoon, Kim Kyung Nam, Seo Jung Yeon",#174
Partners for Justice,"May 14, 2018 - Jul 17, 2018",2018,MBC,"Monday, Tuesday",32,35,8.4,"Thriller, Mystery, Law, Medical",Noh Do Cheol,"Jung Jae Young, Jung Yoo Mi, Lee Yi Kyung, Park Eun Seok, Stephanie Lee, Joo Jin Mo",#175
Seasons of Blossom,"Sep 21, 2022 - Nov 2, 2022",2022,Wavve,Wednesday,16,25,8.4,"Comedy, Romance, Youth, Drama",Wang Hye Ryung,"Seo Ji Hoon, So Ju Yeon, Kim Min Kyu, Kang Hye Won, Yoon Hyun Soo, Oh Yu Jin",#176
The Tale of Nokdu,"Sep 30, 2019 - Nov 25, 2019",2019,KBS2,"Monday, Tuesday",32,33,8.4,"Action, Historical, Comedy, Romance","Kim Dong Hwi, Lee Hyun Jin, Kang Soo Yeon","Jang Dong Yoon, Kim So Hyun, Kang Tae Oh, Jung Joon Ho, Kim Tae Woo, Yoon Yoo Sun",#177
Psychopath Diary,"Nov 20, 2019 - Jan 9, 2020",2019,tvN,"Wednesday, Thursday",16,80,8.4,"Thriller, Mystery, Comedy, Crime",Lee Jong Jae,"Yoon Shi Yoon, Jung In Sun, Park Sung Hoon, Lee  Han Wi, Hwang Geum Byul, Kim Kyul",#178
The Beauty Inside,"Oct 1, 2018 - Nov 20, 2018",2018,jTBC,"Monday, Tuesday",16,70,8.4,"Comedy, Romance, Melodrama, Supernatural",Song Hyun Wook,"Seo Hyun Jin, Lee Min Ki, Lee Da Hee, Ahn Jae Hyun, Lee Tae Ri, Moon Ji In",#179
Tale of the Nine-Tailed,"Oct 7, 2020 - Dec 3, 2020",2020,tvN,"Wednesday, Thursday",16,70,8.4,"Thriller, Horror, Romance, Fantasy","Kang Shin Hyo, Jo Nam Hyung","Lee Dong Wook, Jo Bo Ah, Kim Bum, Kim Yong Ji, Hwang Hee, Kim Jung Nan",#180
The Good Detective,"Jul 6, 2020 - Aug 25, 2020",2020,jTBC,"Monday, Tuesday",16,70,8.4,"Action, Thriller, Mystery, Drama",Jo Nam Gook,"Son Hyun Joo, Jang Seung Jo, Lee Elijah, Oh Jung Se, Ji Seung Hyun, Son Jong Hak",#181
He Is Psychometric,"Mar 11, 2019 - Apr 30, 2019",2019,tvN,"Monday, Tuesday",16,64,8.4,"Thriller, Mystery, Romance, Supernatural",Kim Byung Soo,"Park Jin Young, Shin Ye Eun, Kim Kwon, Kim Da Som, Noh Jong Hyun, Go Yoon Jung",#182
One Spring Night,"May 22, 2019 - Jul 11, 2019",2019,"MBC, Netflix","Wednesday, Thursday",32,35,8.4,"Romance, Life, Drama, Melodrama",Ahn Pan Seok,"Jung Hae In, Han Ji Min, Kim Joon Han, Im Sung Eon, Joo Min Kyung, Song Seung Hwan",#183
Soundtrack #1,"Mar 23, 2022 - Apr 13, 2022",2022,Disney+,Wednesday,4,44,8.4,"Music, Romance",Kim Hee Won,"Park Hyung Sik, Han So Hee, Kim Joo Heon, Yoon Byung Hee, Park Min Jung, Park Hoon",#184
City Hunter,"May 25, 2011 - Jul 28, 2011",2011,SBS,"Wednesday, Thursday",20,70,8.4,"Action, Thriller, Crime",Jin Hyeok,"Lee Min Ho, Park Min Young, Lee Joon Hyuk, Kim Sang Joong, Hwang Sun Hee, Kim Mi Sook",#185
Class of Lies,"Jul 17, 2019 - Sep 5, 2019",2019,OCN,"Wednesday, Thursday",16,70,8.3,"Thriller, Mystery, Law, Youth","Sung Yong Il, Park Ji Hyun","Yoon Kyun Sang, Geum Sae Rok, Lee Jun Young, Choi Yoo Hwa, Choi Kyu Jin, Han So Eun",#186
100 Days My Prince,"Sep 10, 2018 - Oct 30, 2018",2018,tvN,"Monday, Tuesday",16,75,8.3,"Historical, Comedy, Romance, Drama","Lee Jong Jae, Nam Sung Woo","Doh Kyung Soo, Nam Ji Hyun, Kim Seon Ho, Han So Hee, Jo Sung Ha, Kim Jae Young",#187
"At a Distance, Spring Is Green","Jun 14, 2021 - Jul 20, 2021",2021,"iQiyi, KBS2, Viki","Monday, Tuesday",12,63,8.3,"Romance, Life, Youth",Kim Jung Hyun,"Park Ji Hoon, Kang  Min Ah, Bae In Hyuk, Kwon Eun Bin, Choi Jung Woo, Woo Da Vi",#188
Lie After Lie,"Sep 4, 2020 - Oct 24, 2020",2020,Channel A,"Friday, Saturday",16,69,8.3,"Thriller, Romance, Melodrama",Kim Jung Kwon,"Lee Yoo Ri, Yeon Jung Hoon, Lee Il Hwa, Im Ju Eun, Go Na Hee, Kwon Hwa Woon",#189
The Sound of Magic,06-May-22,2022,Netflix,Friday,6,70,8.3,"Music, Psychological, Drama, Fantasy",Kim Seong Yoon,"Ji Chang Wook, Choi Sung Eun, Hwang In Youp, Oh So Hyun, Ji Hye Won, Hong Jung Min",#190
The Mysterious Class,"Nov 12, 2021 - Dec 31, 2021",2021,YouTube,Friday,8,20,8.3,"Mystery, Horror, Youth, Supernatural",Ha Han Me,"Choi Hyun Suk, Park Ji Hoon, Yoshi, Kim Jun Kyu, Mashiho, Yoon Jae Hyuk",#191
Good Doctor,"Aug 5, 2013 - Oct 8, 2013",2013,KBS2,"Monday, Tuesday",20,65,8.3,"Romance, Life, Drama, Medical","Kim Jin Woo, Ki Min Soo","Joo Won, Moon Chae Won, Joo Sang Wook, Kim Min Seo, Ha Kyu Won, Kim Hyun Soo",#192
"It's Okay, That's Friendship",05-Mar-21,2021,YouTube,Friday,1,20,8.3,"Comedy, Life",,"Choi Hyun Suk, Park Ji Hoon, Kim Jun Kyu, Yoshi, Mashiho, Yoon Jae Hyuk",#193
Rookie Cops,"Jan 26, 2022 - Mar 16, 2022",2022,Hulu,Wednesday,16,60,8.3,"Romance, Life, Youth, Drama ","Kim Byung Soo, Kim Jung Wook","Kang Daniel, Chae Soo Bin, Lee Shin Young, Park Yoo Na, Park Sung Joon, Min Do Hee",#194
True Beauty,"Dec 9, 2020 - Feb 4, 2021",2020,tvN,"Wednesday, Thursday",16,75,8.3,"Comedy, Romance, Youth, Drama",Kim Sang Hyub,"Moon Ga Young, Cha Eun Woo, Hwang In Youp, Park Yoo Na, Jang Hye Jin, Park Ho San",#195
Oh My Ghost,"Jul 3, 2015 - Aug 22, 2015",2015,tvN,"Friday, Saturday",16,60,8.3,"Thriller, Comedy, Romance, Supernatural",Yoo Je Won,"Park Bo Young, Kim Seul Gi, Jo Jung Suk, Im Joo Hwan, Kang Ki Young, Kwak Shi Yang",#196
God's Gift: 14 Days,"Mar 3, 2014 - Apr 22, 2014",2014,SBS,"Monday, Tuesday",16,65,8.3,"Thriller, Mystery, Drama, Supernatural",Lee Dong Hun,"Lee Bo Young, Cho Seung Woo, Kim Tae Woo, Kim Yoo Bin, Jung Gyu Woon, Kim Jin Hee",#197
The Sound of Your Heart,"Nov 7, 2016 - Nov 28, 2016",2016,Naver TV Cast,"Monday, Thursday",20,15,8.3,"Comedy, Life, Sitcom",Ha Byung Hoon,"Lee Kwang Soo, Kim Dae Myung, Jung So Min, Kim Byung Ok, Kim  Mi Kyung, Park Sang Hoon",#198
The Veil,"Sep 17, 2021 - Oct 23, 2021",2021,MBC,"Friday, Saturday",12,70,8.3,"Action, Thriller, Mystery, Crime",Kim Sung Yong,"Namkoong Min, Park Ha Sun, Kim Ji Eun, Jang Young Nam, Kim Jong Tae, Kim Do Hyun",#199
Graceful Family,"Aug 21, 2019 - Oct 17, 2019",2019,MBN,"Wednesday, Thursday",16,80,8.3,"Thriller, Mystery, Drama, Melodrama",Han Cheol Soo,"Im Soo Hyang, Lee Jang Woo, Bae Jong Ok, Lee Kyu Han, Kim Jin Woo, Jeon Jin Seo",#200
Gu Family Book,"Apr 8, 2013 - Jun 25, 2013",2013,MBC,"Monday, Tuesday",24,65,8.3,"Action, Historical, Romance, Fantasy ","Shin Woo Cheol, Kim Jung Hyun","Lee Seung Gi, Bae Suzy, Lee Sung Jae, Yoo Yeon Seok, Lee Yoo Bi, Sung Joon",#201
The Hymn of Death,"Nov 27, 2018 - Dec 4, 2018",2018,"Netflix, SBS","Monday, Tuesday",6,35,8.3,"Music, Historical, Romance, Melodrama",Park Soo Jin,"Lee Jong Suk, Shin Hye Sun, Park Seon Im, Lee Ji Hoon, Han Eun Seo, Kim Kang Hyun",#202
Jumong,"May 15, 2006 - Mar 6, 2007",2006,MBC,"Monday, Tuesday",81,70,8.3,"Adventure, Historical, Romance, Drama","Lee Joo Hwan, Kim Keun Hong","Song Il Gook, Han Hye Jin, Kim Seung Soo, Jeon Kwang Ryul, Oh Yeon Soo, Song Ji Hyo",#203
Vampire Prosecutor 2,"Sep 9, 2012 - Nov 18, 2012",2012,OCN,Sunday,11,65,8.3,"Action, Mystery, Drama, Supernatural",Yoo Seon Dong,"Yeon Jung Hoon, Lee Young Ah, Lee Won Jong, Lee Kyung Young, Kim Joo Young, Gong Jung Hwan",#204
Ugly Alert,"May 20, 2013 - Nov 29, 2013",2013,SBS,"Monday, Tuesday, Wednesday, Thursday, Friday",133,35,8.3,"Business, Romance, Melodrama","Shin Yoon Sub, Min Yeon Hong","Im Joo Hwan, Kang So Ra, Kang  Byul, Choi  Tae Joon, Kim Seol Hyun, Shin So Yool",#205
Misty,"Feb 2, 2018 - Mar 24, 2018",2018,jTBC,"Friday, Saturday",16,70,8.3,"Thriller, Mystery, Romance, Melodrama",Mo Wan Il,"Kim Nam Joo, Ji Jin Hee, Jeon Hye Jin, Im Tae Kyung, Go Jun, Jin Ki Joo",#206
Voice 3: City of Accomplices,"May 11, 2019 - Jun 30, 2019",2019,OCN,"Saturday, Sunday",16,60,8.3,"Thriller, Mystery, Psychological, Crime",Nam Ki Hoon,"Lee  Ha Na, Lee Jin Wook, Son Eun Seo, Kim Woo Seok, Kim Joong Ki, Song Boo Geon",#207
Confession,"Mar 23, 2019 - May 12, 2019",2019,tvN,"Saturday, Sunday",16,60,8.3,"Thriller, Mystery, Law, Drama","Kim Chul Gyu, Yoon Hyun Gi","Lee Jun Ho, Shin Hyun Bin, Yoo Jae Myung, Nam Ki Ae, Yoon Gyung Ho, Ryu Kyung Soo",#208
Again My Life,"Apr 8, 2022 - May 28, 2022",2022,"SBS, ViuTV","Friday, Saturday",16,65,8.3,"Mystery, Law, Drama, Fantasy","Han Cheol Soo, Kim Yong Min","Lee Joon Gi, Lee Kyung Young, Kim Ji Eun, Jung Sang Hoon, Choi Kwang, Hong Bi Ra",#209
Money Heist: Korea - Joint Economic Area - Part 1,24-Jun-22,2022,Netflix,Friday,6,70,8.3,"Action, Thriller, Mystery, Crime",Kim Hong Seon,"Yoo Ji Tae, Park Hae Soo, Jeon Jong Seo, Lee Won Jong, Kim Ji Hoon, Jang Yoon Ju",#210
Are You Human Too?,"Jun 4, 2018 - Aug 7, 2018",2018,KBS2,"Monday, Tuesday",36,35,8.3,"Comedy, Romance, Sci-Fi, Fantasy",Cha Young Hoon,"Seo Kang Joon, Gong Seung Yeon, Lee Joon Hyuk, Park Hwan Hee, Kim Sung Ryung, Yoo Oh Sung",#211
Run On,"Dec 16, 2020 - Feb 4, 2021",2020,"jTBC, Netflix","Wednesday, Thursday",16,70,8.3,"Romance, Life, Drama, Sports",Lee Jae Hoon,"Yim Si Wan, Shin Se Kyung, Choi Soo Young, Kang Tae Oh, Park Young Gyu, Cha Hwa Yun",#212
The Smile Has Left Your Eyes,"Oct 3, 2018 - Nov 22, 2018",2018,tvN,"Thursday, Wednesday",16,64,8.3,"Thriller, Mystery, Romance, Drama",Yoo Je Won,"Seo In Guk, Jung So Min, Park Sung Woong, Seo Eun Soo, Go Min Si, Jang Young Nam",#213
Team Bulldog: Off-duty Investigation,"May 23, 2020 - Jun 28, 2020",2020,OCN,"Saturday, Sunday",12,70,8.3,"Action, Mystery, Comedy, Drama",Kang Hyo Jin,"Cha Tae Hyun, Lee Sun Bin, Jung Sang Hoon, Yoon Gyung Ho, Ji Seung Hyun, Im Chul Hyung",#214
The Guardians,"May 22, 2017 - Jul 11, 2017",2017,MBC,"Monday, Tuesday",32,35,8.3,"Action, Thriller, Mystery, Law, Crime","Song Hyung Suk, Park Seung Woo","Lee Si Young, Kim Young Kwang, Kim Tae Hoon, Kim Seul Gi, Key, Choi Moo Sung",#215
Terius Behind Me,"Sep 27, 2018 - Nov 15, 2018",2018,MBC,"Wednesday, Thursday",32,35,8.3,"Action, Mystery, Comedy, Romance","Park Sang Hoon, Park Sang Woo","So Ji Sub, Jung In Sun, Son Ho Jun, Im Se Mi, Kim Gun Woo, Ok Ye Rin",#216
Hyena,"Feb 21, 2020 - Apr 11, 2020",2020,"Netflix, SBS","Friday, Saturday",16,70,8.3,"Mystery, Comedy, Law, Romance",Jang Tae Yoo,"Joo Ji Hoon, Kim Hye Soo, Lee Kyung Young, Kim Ho Jung, Song Young Kyu, Jun Suk Ho",#217
Touch Your Heart,"Feb 6, 2019 - Mar 28, 2019",2019,tvN,"Wednesday, Thursday",16,70,8.3,"Comedy, Law, Romance, Drama",Park Joon Hwa,"Lee Dong Wook, Yoo In Na, Lee Sang Woo, Son Sung Yoon, Oh Jung Se, Shim Hyung Tak",#218
Angry Mom,"Mar 18, 2015 - May 7, 2015",2015,MBC,"Wednesday, Thursday",16,70,8.3,"Comedy, Drama, Melodrama",Ashbun,"Kim Hee Sun, Kim Yoo Jung, Ji Hyun Woo, Kim Ji Soo, Baro, Kim Tae Hoon",#219
Welcome 2 Life,"Aug 5, 2019 - Sep 24, 2019",2019,MBC,"Monday, Tuesday",32,35,8.3,"Comedy, Law, Romance, Fantasy","Kim Keun Hong, Shim So Yeon","Rain, Im Ji Yeon, Kwak Shi Yang, Seo Hye Rin, Park Yoon Young, Son Byung Ho",#220
Suspicious Partner,"May 10, 2017 - Jul 13, 2017",2017,SBS,"Wednesday, Thursday",40,30,8.3,"Thriller, Comedy, Law, Romance",Park Seon Ho,"Ji Chang Wook, Nam Ji Hyun, Choi  Tae Joon, Kwon Na Ra, Dong Ha, Kim Ye Won",#221
Mine,"May 8, 2021 - Jun 27, 2021",2021,"Netflix, tvN","Saturday, Sunday",16,70,8.3,"Thriller, Mystery, Drama",Lee Na Jung,"Lee Bo Young, Kim Seo Hyung, Ok Ja Yeon, Lee Hyun Wook, Cha Hak Yeon, Jung Yi Seo",#222
When the Weather Is Fine,"Feb 24, 2020 - Apr 21, 2020",2020,"jTBC, Viki","Monday, Tuesday",16,60,8.3,"Romance, Life, Drama, Melodrama",Han Ji Seung,"Park Min Young, Seo Kang Joon, Lee Jae Wook, Kim Hwan Hee, Moon Jung Hee, Im Se Mi",#223
Lawless Lawyer,"May 12, 2018 - Jul 1, 2018",2018,tvN,"Saturday, Sunday",16,66,8.3,"Action, Thriller, Law, Romance",Kim Jin Min,"Lee Joon Gi, Seo Yea Ji, Lee Hye Young, Choi Min Soo, Lee Ro Woon, Lee Dae Yeon",#224
Crazy Love,"Mar 7, 2022 - Apr 26, 2022",2022,KBS2,"Monday, Tuesday",16,65,8.3,"Comedy, Romance, Drama",Kim Jung Hyun,"Kim Jae Wook, Krystal Jung, Ha Joon, Yoo In Young, Im Won Hee, Park Han Sol",#225
WATCHER,"Jul 6, 2019 - Aug 25, 2019",2019,OCN,"Saturday, Sunday",16,65,8.3,"Thriller, Mystery, Drama, Political",Ahn Gil Ho,"Seo Kang Joon, Han Seok Kyu, Kim Hyun Joo, Park Joo Hee, Heo Sung Tae, Joo Jin Mo",#226
Five Enough,"Feb 20, 2016 - Aug 21, 2016",2016,KBS2,"Saturday, Sunday",54,70,8.3,"Comedy, Romance, Drama, Melodrama",Kim Jung Gyu,"Ahn Jae Wook, So Yoo Jin, Sung Hoon, Shin Hye Sun, Shim Hyung Tak, Shim Yi Young",#227
Amanza,"Sep 1, 2020 - Nov 3, 2020",2020,Daum Kakao TV,Tuesday,10,15,8.3,"Adventure, Life, Fantasy, Melodrama",Han Ji Won,"Kim Ji Soo, Lee Seol, Oh Hyun Kyung, Yoo Seung Mok, Lee Jong Won, Shin Joo Hwan",#228
Light on Me,"Jun 29, 2021 - Aug 19, 2021",2021,Viki,"Tuesday, Thursday",16,24,8.3,"Romance, Youth, Drama",Lee Yoo Yeon,"Lee Sae On, Kang Yoo Seok, Choe Chan Yi, Go Woo Jin, Lee Ki Hyun, Yang Seo Hyun",#229
Bulgasal: Immortal Souls,"Dec 18, 2021 - Feb 6, 2022",2021,"Netflix, tvN","Saturday, Sunday",16,75,8.3,"Thriller, Mystery, Drama, Fantasy",Jang Young Woo,"Lee Jin Wook, Kwon Na Ra, Lee Joon, Gong Seung Yeon, Jung Jin Young, Kim Woo Seok",#230
Liar Game,"Oct 20, 2014 - Nov 25, 2014",2014,tvN,"Monday, Tuesday",12,63,8.3,"Thriller, Mystery, Psychological, Drama",Kim Hong Seon,"Lee Sang Yoon, Kim So Eun, Shin Sung Rok, Cha Soo Yeon, Choi Jin Ho, Choi Yoon So",#231
Tree With Deep Roots,"Oct 5, 2011 - Dec 22, 2011",2011,SBS,"Wednesday, Thursday",24,69,8.3,"Historical, Mystery, Political","Jang Tae Yoo, Shin Kyung Soo","Han Seok Kyu, Jang Hyuk, Shin Se Kyung, Jo Jin Woong, Park Hyuk Kwon, Hyun Woo",#232
49 Days,"Mar 16, 2011 - May 19, 2011",2011,SBS,"Wednesday, Thursday",20,70,8.3,"Romance, Drama, Melodrama, Supernatural","Jo Young Kwang, Park Yong Soon","Lee Yo Won, Nam Gyu Ri, Jung Il Woo, Jo Hyun Jae, Bae Soo Bin, Seo Ji Hye",#233
D-Day,"Sep 18, 2015 - Nov 21, 2015",2015,jTBC,"Friday, Saturday",20,65,8.3,"Romance, Drama, Medical",Jang Yong Woo,"Kim Young Kwang, Jung So Min, Ha Seok Jin, Lee Kyung Young, Kim Hye Eun, Yoon Joo Hee",#234
Awaken,"Nov 30, 2020 - Jan 19, 2021",2020,tvN,"Monday, Tuesday",16,70,8.3,"Thriller, Mystery, Crime, Fantasy","Jo Soo Won, Lee Soo Hyun","Namkoong Min, Kim Seol Hyun, Lee Chung Ah, Yoon Sun Woo, Yoon Gyung Ho, Kim Tae Woo",#235
Oh My Venus,"Nov 16, 2015 - Jan 5, 2016",2015,KBS2,"Monday, Tuesday",16,60,8.3,"Comedy, Law, Romance, Life","Kim Hyoung Seok, Lee Na Jung","So Ji Sub, Shin Min Ah, Jung Gyu Woon, Yoo In Young, Sung Hoon, Henry Lau",#236
Leverage,"Oct 13, 2019 - Dec 8, 2019",2019,TV Chosun,Sunday,16,60,8.3,"Action, Mystery, Comedy, Crime",Nam Ki Hoon,"Lee Dong Gun, Jeon Hye Bin, Kim Sae Ron, Kim Kwon, Yeo Hoe Hyun, Choi Ja Hye",#237
The King's Affection,"Oct 11, 2021 - Dec 14, 2021",2021,"KBS2, Netflix","Monday, Tuesday",20,70,8.3,"Historical, Romance, Drama","Song Hyun Wook, Lee Hyun Suk","Park Eun Bin, Rowoon, Nam Yoon Su, Choi Byung Chan, Bae Yoon Kyung, Jung Chae Yeon",#238
A Gentleman's Dignity,"May 26, 2012 - Aug 12, 2012",2012,SBS,"Saturday, Sunday",20,65,8.3,"Comedy, Romance, Drama, Melodrama","Kwon Hyuk Chan, Shin Woo Cheol, Kim Jung Hyun","Jang Dong Gun, Kim Ha Neul, Kim Soo Ro, Kim Min Jong, Lee Jong Hyuk, Yoon Se Ah",#239
Rookie Historian Goo Hae Ryung,"Jul 17, 2019 - Sep 26, 2019",2019,"MBC, Netflix","Wednesday, Thursday",40,35,8.3,"Historical, Comedy, Romance, Drama","Kang Il Soo, Han Hyun Hee","Shin Se Kyung, Cha Eun Woo, Lee Ji Hoon, Park Ki Woong, Lee Ye Rim, Park Ji Hyun",#240
Coffee Prince,"Jul 2, 2007 - Aug 28, 2007",2007,MBC,"Monday, Tuesday",17,60,8.3,"Food, Comedy, Romance, Drama",Lee Yoon Jung,"Gong Yoo, Yoon Eun Hye, Lee Sun Kyun, Chae Jung An, Kim Chang Wan, Kim Dong Wook",#241
Ghost,"May 30, 2012 - Aug 9, 2012",2012,SBS,"Wednesday, Thursday",20,65,8.3,"Thriller, Mystery","Kim Hyung Shik, Park Shin Woo","So Ji Sub, Lee Yun Hee, Kwak Do Won, Uhm Ki Joon, Lee Won Keun, Yoon  Ji Hye",#242
Love Playlist: Season 4,"Jun 19, 2019 - Aug 10, 2019",2019,"Naver TV Cast, vLive","Wednesday, Saturday",16,20,8.3,"Romance, Life, Youth, Drama",Yoo Hee Woon,"Lee Yoo Jin, Park Jung Woo, Park Shi An, Bae Hyun Sung, Kim Sae Ron, Kim Hyung Suk",#243
God's Quiz: Reboot,"Nov 14, 2018 - Jan 10, 2019",2018,OCN,"Wednesday, Thursday",16,65,8.3,"Mystery, Medical",Kim Jong Hyeok,"Ryu Deok Hwan, Yoon Joo Hee, Park  Hyo Joo, Park Joon Myun, Kim Ki Doo, Kim Jae Won",#244
Missing Noir M,"Mar 28, 2015 - May 30, 2015",2015,OCN,Saturday,10,70,8.3,"Thriller, Mystery, Drama",Lee Seung Young,"Kim Kang Woo, Park Hee Soon, Jo Bo Ah, Kim  Gyu Chul, Park So Hyun, Oh Soon Tae",#245
Live Up to Your Name,"Aug 12, 2017 - Oct 1, 2017",2017,tvN,"Saturday, Sunday",16,70,8.3,"Historical, Romance, Medical, Fantasy",Hong Jong Chan,"Kim Nam Gil, Kim Ah Joong, Yoo Min Kyu, Moon Ga Young, Yoon Joo Sang, Uhm Hyo Sub",#246
Queen for Seven Days,"May 31, 2017 - Aug 3, 2017",2017,KBS2,"Wednesday, Thursday",20,60,8.3,"Historical, Romance, Melodrama, Political",Lee Jung Sub,"Park Min Young, Yeon Woo Jin, Lee Dong Gun, Jang Hyun Sung, Kang Shin Il, Go Bo Gyeol",#247
Memory,"Mar 18, 2016 - May 7, 2016",2016,tvN,"Friday, Saturday",16,65,8.3,"Law, Romance, Life, Drama",Park Chan Hong,"Lee Sung Min, Kim Jee Soo, Park Jin Hee, Lee Jun Ho, Jeon Noh Min, Yoon So Hee",#248
A Korean Odyssey,"Dec 23, 2017 - Mar 4, 2018",2017,"Netflix, tvN","Saturday, Sunday",20,80,8.3,"Horror, Comedy, Romance, Fantasy","Park Hong Kyun, Kim Jung Hyun, Kim Byung Soo","Lee Seung Gi, Cha Seung Won, Oh Yeon Seo, Lee Hong Ki, Jang Gwang, Lee El",#249
Voice 4: Judgment Hour,"Jun 18, 2021 - Jul 31, 2021",2021,tvN,"Friday, Saturday",14,63,8.3,"Action, Thriller, Mystery, Crime","Shin Yong Hwi, Yoon Ra Young","Lee  Ha Na, Song Seung Heon, Son Eun Seo, Kang Seung Yoon, Baek Sung Hyun, Kim Joong Ki",#250
